<editors> 
  <editor id = "UPDN" > 
     <range  uom="25" subset="0-1" nls="UPDN" />
  </editor>

  <editor id = "CON" > 
     <range  uom="25" subset="0-1" nls="CON" />
  </editor>

  <editor id = "OPENCLOSE" > 
     <range  uom="25" subset="0-1,99" nls="OPENCLOSE" />
  </editor>

  <editor id = "SET_OPENCLOSE" > 
     <range  uom="25" subset="0-1" nls="OPENCLOSE" />
  </editor>
  <editor id = "KW" > 
     <range uom="30" min="-100" max="100" prec="1" />
     <range uom="25" subset="98-99" nls="NODATA" />
  </editor>
  <editor id = "KWH" > 
     <range uom="33" min="-100" max="100" prec="1" />
     <range uom="25" subset="98-99" nls="NODATA" />
  </editor>
  <editor id = "W" > 
     <range uom="73" min="-50000" max="50000" prec="1" />
     <range uom="25" subset="98-99" nls="NODATA" />
  </editor>
    <editor id = "WH" > 
     <range uom="119" min="-50000" max="50000" prec="1" />
     <range uom="25" subset="98-99" nls="NODATA" />
  </editor>

  <editor id = "GRIDSTATE" > 
     <range  uom="25" subset="0-1, 99" nls="GRIDSTATE" />
  </editor>
  <editor id = "GRIDSTATUS" > 
     <range  uom="25" subset="0-1, 99" nls="GRIDSTATUS" />
  </editor>
  <editor id = "PRIORITY" > 
     <range  uom="25" subset="0-2, 99" nls="PRIORITY" />
  </editor>
  <editor id = "SET_PRIORITY" > 
     <range  uom="25" subset="0-2" nls="PRIORITY" />
  </editor>
  <editor id = "HOURS" > 
     <range  uom="20" min="0" max="100" prec="2" />
      <range uom="25" subset="98-99" nls="error" />
  </editor>
    <editor id = "MINS" > 
     <range  uom="44" min="0" max="720" prec="2" />
      <range uom="25" subset="98-99" nls="error" />
  </editor>
   <editor id = "SECS" > 
     <range  uom="57" min="0" max="7200" prec="2" />
      <range uom="25" subset="98-99" nls="error" />
  </editor>
  <editor id = "PERCENT" > 
     <range  uom="51" min="0" max="100" prec="0" />
     <range uom="25" subset="97-99" nls="error"/>
  </editor>


</editors> 
